<?xml version="1.0" encoding="utf-8"?>
<Root>
  <MetricIndex >
    <Metric Name="# New Issues since Baseline" Unit="issues" />
    <Metric Name="# Issues Fixed since Baseline" Unit="issues" />
    <Metric Name="# Issues Worsened since Baseline" Unit="issues" />
    <Metric Name="# Issues with severity Blocker" Unit="issues" />
    <Metric Name="# Issues with severity Critical" Unit="issues" />
    <Metric Name="# Issues with severity High" Unit="issues" />
    <Metric Name="# Issues with severity Medium" Unit="issues" />
    <Metric Name="# Issues with severity Low" Unit="issues" />
    <Metric Name="# Blocker/Critical/High Issues" Unit="issues" />
    <Metric Name="# Issues" Unit="issues" />
    <Metric Name="# Rules" Unit="rules" />
    <Metric Name="# Rules Violated" Unit="rules" />
    <Metric Name="# Critical Rules Violated" Unit="rules" />
    <Metric Name="# Quality Gates" Unit="quality gates" />
    <Metric Name="# Quality Gates Warn" Unit="quality gates" />
    <Metric Name="# Quality Gates Fail" Unit="quality gates" />
    <Metric Name="Percentage Debt (Metric)" Unit="%" />
    <Metric Name="Debt (Metric)" Unit="man-days" />
    <Metric Name="New Debt since Baseline (Metric)" Unit="man-days" />
    <Metric Name="Annual Interest (Metric)" Unit="man-days" />
    <Metric Name="New Annual Interest since Baseline (Metric)" Unit="man-days" />
    <Metric Name="Breaking Point" Unit="years" />
    <Metric Name="Breaking Point of Blocker / Critical / High Issues" Unit="years" />
    <Metric Name="# Lines of Code" Unit="LoC" />
    <Metric Name="# Lines of Code (JustMyCode)" Unit="LoC" />
    <Metric Name="# Lines of Code (NotMyCode)" Unit="LoC" />
    <Metric Name="# Lines of Code Added since the Baseline" Unit="LoC" />
    <Metric Name="# Source Files" Unit="Source Files" />
    <Metric Name="# IL Instructions" Unit="IL Instructions" />
    <Metric Name="# IL Instructions (NotMyCode)" Unit="IL Instructions" />
    <Metric Name="# Lines of Comments" Unit="Lines" />
    <Metric Name="Percentage of Comments" Unit="%" />
    <Metric Name="# Assemblies" Unit="Assemblies" />
    <Metric Name="# Namespaces" Unit="Namespaces" />
    <Metric Name="# Types" Unit="Types" />
    <Metric Name="# Public Types" Unit="Types" />
    <Metric Name="# Classes" Unit="Types" />
    <Metric Name="# Abstract Classes" Unit="Types" />
    <Metric Name="# Interfaces" Unit="Types" />
    <Metric Name="# Structures" Unit="Types" />
    <Metric Name="# Methods" Unit="Methods" />
    <Metric Name="# Abstract Methods" Unit="Methods" />
    <Metric Name="# Concrete Methods" Unit="Methods" />
    <Metric Name="# Fields" Unit="Fields" />
    <Metric Name="Max # Lines of Code for Methods (JustMyCode)" Unit="LoC" />
    <Metric Name="Average # Lines of Code for Methods" Unit="LoC" />
    <Metric Name="Average # Lines of Code for Methods with at least 3 Lines of Code" Unit="LoC" />
    <Metric Name="Max # Lines of Code for Types (JustMyCode)" Unit="LoC" />
    <Metric Name="Average # Lines of Code for Types" Unit="LoC" />
    <Metric Name="Max Cyclomatic Complexity for Methods" Unit="Paths" />
    <Metric Name="Average Cyclomatic Complexity for Methods" Unit="Paths" />
    <Metric Name="Max IL Cyclomatic Complexity for Methods" Unit="Paths" />
    <Metric Name="Average IL Cyclomatic Complexity for Methods" Unit="Paths" />
    <Metric Name="Max IL Nesting Depth for Methods" Unit="Scopes" />
    <Metric Name="Average IL Nesting Depth for Methods" Unit="Scopes" />
    <Metric Name="Max # of Methods for Types" Unit="Methods" />
    <Metric Name="Average # Methods for Types" Unit="Methods" />
    <Metric Name="Max # of Methods for Interfaces" Unit="Methods" />
    <Metric Name="Average # Methods for Interfaces" Unit="Methods" />
    <Metric Name="# Third-Party Assemblies Used" Unit="Assemblies" />
    <Metric Name="# Third-Party Namespaces Used" Unit="Namespaces" />
    <Metric Name="# Third-Party Types Used" Unit="Types" />
    <Metric Name="# Third-Party Methods Used" Unit="Methods" />
    <Metric Name="# Third-Party Fields Used" Unit="Fields" />
    <Metric Name="# Rules Violations" Unit="Violations" />
    <Metric Name="# Critical Rules" Unit="Rules" />
    <Metric Name="# Critical Rules Violations" Unit="Violations" />
  </MetricIndex>
  <M N="0|1|2|3|4|5|6|7|8|9|10|11|12|13|14|15|16|17|18|19|20|21|22|23|24|25|26|27|28|29|30|31|32|33|34|35|36|37|38|39|40|41|42|43|44|45|46|47|48|49|50|51|52|53|54|55|56|57|58|59|60|61|62|63|64|65|66" >
    <R D="4/14/2018 12:15:27 AM" L="v1.0" V="5|0|0|0|0|3|50|15|3|68|127|19|1|8|1|2|0.57921|0.4775|-0.0083333|0.45442|0.0083333|1.05|0.58333|2723|2612|111|9|173|42084|6095|554|16.91|9|36|229|227|191|7|36|0|516|70|446|159|57|3.44|9.13|89|15.04|28|1.69|101|3.43|8|0.38241|23|4.24|10|1.94|62|108|351|471|1|68|20|1" />
    <R D="4/13/2018 5:49:06 PM" L="v1.0" V="0|0|0|0|0|6|73|16|6|95|129|25|1|8|0|1|2.03|1.67|0|0.66692|0|2.51|0.725|2723|2612|111|9|173|42084|6095|554|16.91|9|36|229|227|191|7|36|0|516|70|446|159|57|3.44|9.13|89|15.04|28|1.69|101|3.43|8|0.38241|23|4.24|10|1.94|62|108|350|471|1|95|21|7" />
  </M>
</Root>